{"cameraMode":{"drawMode":0,"name":"Shaded","section":"Shading Mode"},"sceneLighting":true,"audioPlay":false,"sceneViewState":{"showFog":true,"showMaterialUpdate":false,"showSkybox":true,"showFlares":true,"showImageEffects":true,"showParticleSystems":true},"in2DMode":false,"pivot":{"x":-11.138578414916993,"y":-0.7273523211479187,"z":10.642414093017579},"rotation":{"x":0.2493397742509842,"y":0.002904605818912387,"z":-0.0007498639170080423,"w":0.9684114456176758},"size":54.598854064941409,"orthographic":true}