{"cameraMode":{"drawMode":0,"name":"Shaded","section":"Shading Mode"},"sceneLighting":false,"audioPlay":false,"sceneViewState":{"showFog":true,"showMaterialUpdate":false,"showSkybox":false,"showFlares":true,"showImageEffects":true,"showParticleSystems":true},"in2DMode":false,"pivot":{"x":14.532670974731446,"y":1.6434242725372315,"z":0.014741361141204834},"rotation":{"x":-0.17934614419937135,"y":-0.11128776520490647,"z":0.02042349800467491,"w":-0.9772579073905945},"size":11.746622085571289,"orthographic":true}